#node	date	numeric date
NODE_0000001	2008-08-21	2008.638630
NODE_0000104	2008-08-21	2008.638630
A/USA/7C7/2010|EPI_ISL_17760635|2010-11-01	2010-11-01	2010.834247
A/Virginia/04/2011|EPI_ISL_88151|2011-01-06	2011-01-06	2011.015068
NODE_0000107	2009-02-26	2009.154009
A/Boston/DOA14/2011|EPI_ISL_108113|2011-01-19	2011-01-19	2011.050685
NODE_0000108	2010-05-28	2010.404836
A/District_of_Columbia/WRAIR0303/2010|EPI_ISL_95354|2010-12-26	2010-12-26	2010.984932
A/New_York/WC-LVD-11-031/2011|EPI_ISL_369621|2011-04-05	2011-04-05	2011.258904
NODE_0000109	2011-09-05	2011.677846
A/Georgia/F32551/2012|EPI_ISL_146809|2012-02-01	2012-02-01	2012.086066
A/Florida/06/2012|EPI_ISL_117054|2012-02-27	2012-02-27	2012.157104
NODE_0000111	2012-02-01	2012.086066
A/Georgia/M5081/2012|EPI_ISL_146773|2012-02-01	2012-02-01	2012.086066
A/Georgia/M5081/2012|EPI_ISL_146774|2012-02-01	2012-02-01	2012.086066
A/Georgia/M5081/2012|EPI_ISL_146775|2012-02-01	2012-02-01	2012.086066
NODE_0000102	2010-09-18	2010.713424
NODE_0000103	2012-09-13	2012.702153
A/Houston/JMM_131/2013|EPI_ISL_189286|2013-01-09	2013-01-09	2013.023288
A/Houston/JMM_155/2013|EPI_ISL_189619|2013-01-21	2013-01-21	2013.056164
NODE_0000097	2011-06-21	2011.470750
NODE_0000098	2012-02-01	2012.086747
A/Houston/JMM_64/2012|EPI_ISL_189157|2012-12-12	2012-12-12	2012.946721
A/Houston/JMM_93/2012|EPI_ISL_189220|2012-12-28	2012-12-28	2012.990437
A/Houston/JMM_148/2013|EPI_ISL_189309|2013-01-15	2013-01-15	2013.039726
NODE_0000101	2013-07-28	2013.570678
A/Maryland/20/2013|EPI_ISL_154243|2013-11-29	2013-11-29	2013.910959
A/New_York/WC-LVD-14-026/2014|EPI_ISL_167651|2014-02-09	2014-02-09	2014.108219
NODE_0000094	2012-12-15	2012.954193
NODE_0000095	2013-07-18	2013.543309
A/New_York/WC-LVD-14-007/2014|EPI_ISL_167632|2014-01-15	2014-01-15	2014.039726
A/California/55/2014|EPI_ISL_192124|2014-03-27	2014-03-27	2014.234247
A/Louisiana/04/2015|EPI_ISL_192131|2015-04-14	2015-04-14	2015.283562
NODE_0000090	2013-04-11	2013.274997
NODE_0000091	2013-12-31	2013.998168
A/California/33/2015|EPI_ISL_237224|2015-01-15	2015-01-15	2015.039726
A/Iowa/23/2014|EPI_ISL_173270|2014-11-23	2014-11-23	2014.894521
NODE_0000093	2014-11-07	2014.850685
A/Florida/63/2014|EPI_ISL_169653|2014-11-07	2014-11-07	2014.850685
A/New_Hampshire/01/2015|EPI_ISL_237268|2015-01-07	2015-01-07	2015.017808
NODE_0000089	2013-10-18	2013.797052
A/Hawaii/03/2014|EPI_ISL_163678|2014-02-22	2014-02-22	2014.143836
NODE_0000078	2015-10-07	2015.766789
A/Texas/02/2016|EPI_ISL_213173|2016-01-05	2016-01-05	2016.012295
A/New_York/65/2016|EPI_ISL_227586|2016-03-28	2016-03-28	2016.239071
NODE_0000086	2016-04-20	2016.301589
A/Arizona/07/2017|EPI_ISL_252742|2017-02-05	2017-02-05	2017.097260
A/Washington/109/2016|EPI_ISL_248359|2016-12-29	2016-12-29	2016.993169
NODE_0000081	2016-01-23	2016.060186
NODE_0000082	2016-10-16	2016.791499
A/Hawaii/24/2017|EPI_ISL_268411|2017-04-05	2017-04-05	2017.258904
A/North_Carolina/28/2017|EPI_ISL_268432|2017-02-26	2017-02-26	2017.154795
NODE_0000083	2019-03-24	2019.226027
A/Hawaii/22/2019|EPI_ISL_353390|2019-03-24	2019-03-24	2019.226027
A/Washington/02/2020|EPI_ISL_2271154|2020-01-03	2020-01-03	2020.006831
NODE_0000024	2016-01-31	2016.083843
A/Wisconsin/09/2017|EPI_ISL_248360|2017-01-17	2017-01-17	2017.045205
NODE_0000022	2016-03-27	2016.235712
NODE_0000023	2016-03-28	2016.239071
A/Idaho/23/2016|EPI_ISL_224099|2016-04-12	2016-04-12	2016.280055
A/Florida/49/2016|EPI_ISL_222181|2016-03-28	2016-03-28	2016.239071
NODE_0000069	2017-01-21	2017.055026
A/Arizona/7958/2019|EPI_ISL_369734|2019-01-10	2019-01-10	2019.026027
A/Ohio/7173/2018|EPI_ISL_376755|2018-01-06	2018-01-06	2018.015068
NODE_0000072	2017-06-25	2017.480537
A/Michigan/136/2018|EPI_ISL_360559|2018-01-16	2018-01-16	2018.042466
A/Minnesota/56/2019|EPI_ISL_400071|2019-11-04	2019-11-04	2019.842466
NODE_0000036	2017-06-21	2017.468605
A/Missouri/48/2017|EPI_ISL_292651|2017-12-13	2017-12-13	2017.949315
NODE_0000026	2017-10-31	2017.830256
NODE_0000030	2017-10-31	2017.830256
A/West_Virginia/25/2018|EPI_ISL_312910|2018-04-13	2018-04-13	2018.280822
NODE_0000031	2017-12-27	2017.987052
A/Washington/23/2019|EPI_ISL_358802|2019-01-14	2019-01-14	2019.036986
NODE_0000034	2017-12-28	2017.990411
A/Pennsylvania/32/2019|EPI_ISL_358644|2019-01-18	2019-01-18	2019.047945
A/New_York/59/2017|EPI_ISL_296216|2017-12-28	2017-12-28	2017.990411
NODE_0000068	2018-11-15	2018.873511
A/Wisconsin/23/2020|EPI_ISL_2258105|2020-01-13	2020-01-13	2020.034153
NODE_0000067	2019-03-18	2019.209589
A/Wisconsin/357/2019|EPI_ISL_359830|2019-03-18	2019-03-18	2019.209589
NODE_0000065	2019-11-02	2019.835704
A/Pennsylvania/28/2020|EPI_ISL_2557577|2020-01-11	2020-01-11	2020.028689
A/Washington/23/2020|EPI_ISL_421133|2020-02-28	2020-02-28	2020.159836
NODE_0000058	2020-03-13	2020.198767
A/Ohio/03/2021|EPI_ISL_6307001|2021-10-07	2021-10-07	2021.765753
NODE_0000059	2021-05-19	2021.379482
A/California/90/2022|EPI_ISL_13286911|2022-04-26	2022-04-26	2022.316438
A/New_York/PV42740/2022|EPI_ISL_16044205|2022-03-26	2022-03-26	2022.231507
NODE_0000062	2023-06-29	2023.493062
A/Michigan/UM-L371272417/2023|EPI_ISL_18738270|2023-11-12	2023-11-12	2023.864384
NODE_0000042	2023-12-09	2023.937737
A/Minnesota/ISC-1107/2023|EPI_ISL_18988579|2023-12-17	2023-12-17	2023.960274
NODE_0000043	2023-12-10	2023.941096
A/Minnesota/ISC-1048/2023|EPI_ISL_18988542|2023-12-10	2023-12-10	2023.941096
A/Minnesota/ISC-1046/2023|EPI_ISL_18934356|2023-12-10	2023-12-10	2023.941096
NODE_0000029	2020-11-17	2020.879085
NODE_0000113	2021-06-18	2021.461917
NODE_0000114	2021-11-05	2021.843908
A/New_Mexico/14115/2022|EPI_ISL_17189231|2022-12-13	2022-12-13	2022.949315
NODE_0000115	2022-01-01	2022.001370
A/South_Dakota/INBRE-02483/2022|EPI_ISL_18042967|2022-01-01	2022-01-01	2022.001370
NODE_0000116	2022-12-14	2022.952055
A/California/112/2023|EPI_ISL_18709323|2023-11-15	2023-11-15	2023.872603
A/Utah/81/2022|EPI_ISL_16764809|2022-12-14	2022-12-14	2022.952055
NODE_0000118	2023-07-05	2023.509463
A/Louisiana/19/2023|EPI_ISL_18742803|2023-11-27	2023-11-27	2023.905479
A/New_Mexico/51/2023|EPI_ISL_18669532|2023-11-19	2023-11-19	2023.883562
A/Florida/83/2023|EPI_ISL_18862725|2023-12-27	2023-12-27	2023.987671
A/Florida/ISC-1067/2024|EPI_ISL_19051773|2024-02-01	2024-02-01	2024.086066
NODE_0000051	2023-12-12	2023.945956
A/Maryland/14346/2023|EPI_ISL_18768266|2023-12-13	2023-12-13	2023.949315
NODE_0000053	2023-12-13	2023.949315
A/Maryland/USAFSAM-14346/2023|EPI_ISL_18870470|2023-12-13	2023-12-13	2023.949315
NODE_0000055	2024-01-09	2024.023224
A/New_York/34/2024|EPI_ISL_19014631|2024-02-05	2024-02-05	2024.096995
A/Iowa/07/2024|EPI_ISL_18886072|2024-01-09	2024-01-09	2024.023224
NODE_0000125	2021-12-28	2021.991359
A/Colorado/41/2022|EPI_ISL_16200838|2022-11-01	2022-11-01	2022.834247
NODE_0000057	2022-11-11	2022.861644
A/Michigan/UM-10054955425/2023|EPI_ISL_18851741|2023-12-14	2023-12-14	2023.952055
A/Michigan/UOM10048362068/2022|EPI_ISL_16641703|2022-11-11	2022-11-11	2022.861644
NODE_0000128	2022-07-18	2022.544117
NODE_0000129	2023-09-30	2023.745253
A/South_Dakota/25/2024|EPI_ISL_18934473|2024-02-04	2024-02-04	2024.094262
A/Nevada/49/2023|EPI_ISL_18669613|2023-11-15	2023-11-15	2023.872603
NODE_0000131	2023-02-11	2023.113000
A/Michigan/88/2023|EPI_ISL_18934489|2023-12-23	2023-12-23	2023.976712
A/North_Dakota/27/2023|EPI_ISL_18527360|2023-10-09	2023-10-09	2023.771233
NODE_0000133	2023-01-19	2023.051019
A/Michigan/UM-L371417244/2023|EPI_ISL_18739123|2023-11-17	2023-11-17	2023.878082
A/Arizona/57/2023|EPI_ISL_18709321|2023-11-28	2023-11-28	2023.908219
NODE_0000134	2022-10-29	2022.827317
A/Iowa/68/2023|EPI_ISL_18669548|2023-11-15	2023-11-15	2023.872603
NODE_0000135	2023-01-15	2023.039561
A/California/106/2023|EPI_ISL_18669572|2023-11-08	2023-11-08	2023.853425
A/Wisconsin/39/2024|EPI_ISL_19014623|2024-02-24	2024-02-24	2024.148907
A/New_York/PV100545/2023|EPI_ISL_18835638|2023-12-30	2023-12-30	2023.995890
A/Nebraska/16/2023|EPI_ISL_18709239|2023-12-03	2023-12-03	2023.921918
A/New_Mexico/01/2024|EPI_ISL_18991656|2024-01-24	2024-01-24	2024.064208
NODE_0000138	2023-10-21	2023.803838
A/Michigan/UM-RR348042791/2023|EPI_ISL_18869036|2023-12-21	2023-12-21	2023.971233
A/Michigan/UM-L372442994/2023|EPI_ISL_18851777|2023-12-19	2023-12-19	2023.965753
NODE_0000141	2023-08-10	2023.606351
A/New_York/48/2023|EPI_ISL_18607654|2023-11-15	2023-11-15	2023.872603
A/New_Mexico/59/2023|EPI_ISL_18785857|2023-12-17	2023-12-17	2023.960274
NODE_0000143	2023-06-29	2023.491362
A/Texas/32/2023|EPI_ISL_18709283|2023-12-07	2023-12-07	2023.932877
A/Illinois/42/2023|EPI_ISL_18886024|2023-12-27	2023-12-27	2023.987671
NODE_0000161	2024-01-21	2024.056011
A/Arkansas/09/2024|EPI_ISL_18934481|2024-01-21	2024-01-21	2024.056011
A/Arkansas/13/2024|EPI_ISL_18934479|2024-01-24	2024-01-24	2024.064208
NODE_0000176	2023-10-02	2023.752055
A/Utah/35/2023|EPI_ISL_18527359|2023-10-02	2023-10-02	2023.752055
A/Massachusetts/15/2024|EPI_ISL_18991004|2024-01-23	2024-01-23	2024.061475
NODE_0000184	2023-09-23	2023.728560
A/Texas/12/2024|EPI_ISL_18919875|2024-01-16	2024-01-16	2024.042350
A/South_Carolina/01/2024|EPI_ISL_18862800|2024-01-03	2024-01-03	2024.006831
NODE_0000187	2023-07-10	2023.520695
A/Minnesota/ISC-1005/2023|EPI_ISL_18934355|2023-12-03	2023-12-03	2023.921918
A/New_York_City/PV100841/2024|EPI_ISL_19091252|2024-01-05	2024-01-05	2024.012295
NODE_0000164	2023-08-17	2023.626533
A/Colorado/14693/2024|EPI_ISL_18986816|2024-02-21	2024-02-21	2024.140710
NODE_0000165	2023-11-24	2023.897260
A/Idaho/43/2023|EPI_ISL_18709319|2023-11-26	2023-11-26	2023.902740
A/Idaho/41/2023|EPI_ISL_18709295|2023-11-24	2023-11-24	2023.897260
NODE_0000172	2023-08-06	2023.595359
A/Wisconsin/101/2023|EPI_ISL_18669533|2023-11-10	2023-11-10	2023.858904
NODE_0000075	2023-12-19	2023.965753
A/Washington/69/2023|EPI_ISL_18862795|2023-12-25	2023-12-25	2023.982192
A/Arkansas/11/2023|EPI_ISL_18886017|2023-12-19	2023-12-19	2023.965753
NODE_0000167	2023-06-02	2023.417241
A/Washington/BBI-S24526/2023|EPI_ISL_18746642|2023-10-23	2023-10-23	2023.809589
A/California/149/2023|EPI_ISL_18862759|2023-12-25	2023-12-25	2023.982192
NODE_0000077	2023-10-30	2023.828767
A/Pennsylvania/70/2023|EPI_ISL_18586511|2023-10-30	2023-10-30	2023.828767
A/California/141/2023|EPI_ISL_18862740|2023-12-12	2023-12-12	2023.946575
NODE_0000178	2023-05-30	2023.410046
A/Ohio/20/2023|EPI_ISL_18586497|2023-10-21	2023-10-21	2023.804110
NODE_0000182	2023-11-16	2023.874464
A/Oklahoma/14618/2024|EPI_ISL_18948006|2024-02-05	2024-02-05	2024.096995
A/Oklahoma/14621/2024|EPI_ISL_18948009|2024-01-11	2024-01-11	2024.028689
NODE_0000080	2023-11-30	2023.913079
A/New_Jersey/65/2023|EPI_ISL_18862858|2023-12-22	2023-12-22	2023.973973
NODE_0000084	2023-12-01	2023.916438
A/Indiana/09/2023|EPI_ISL_18742657|2023-12-01	2023-12-01	2023.916438
A/Indiana/10/2023|EPI_ISL_18742779|2023-12-01	2023-12-01	2023.916438
NODE_0000194	2023-04-24	2023.310239
A/Illinois/23/2023|EPI_ISL_18709310|2023-11-27	2023-11-27	2023.905479
A/North_Carolina/22/2023|EPI_ISL_18862861|2023-12-16	2023-12-16	2023.957534
A/Arkansas/02/2024|EPI_ISL_18886076|2024-01-04	2024-01-04	2024.009563
A/Georgia/17/2024|EPI_ISL_19014477|2024-02-15	2024-02-15	2024.124317
A/Nebraska/14/2023|EPI_ISL_18709260|2023-12-03	2023-12-03	2023.921918
A/Washington/62/2023|EPI_ISL_18862736|2023-12-06	2023-12-06	2023.930137
NODE_0000087	2023-09-01	2023.667448
A/Maine/14/2024|EPI_ISL_19014459|2024-02-24	2024-02-24	2024.148907
NODE_0000088	2023-11-22	2023.891781
A/Michigan/UM-10054592234/2023|EPI_ISL_18737902|2023-11-22	2023-11-22	2023.891781
NODE_0000092	2023-12-04	2023.924658
A/Idaho/49/2023|EPI_ISL_18742771|2023-12-04	2023-12-04	2023.924658
A/California/160/2023|EPI_ISL_18862770|2023-12-29	2023-12-29	2023.993151
NODE_0000204	2023-07-03	2023.501649
A/Wisconsin/75/2023|EPI_ISL_18527335|2023-10-02	2023-10-02	2023.752055
NODE_0000205	2023-09-13	2023.700294
A/Minnesota/31/2023|EPI_ISL_18586562|2023-10-08	2023-10-08	2023.768493
A/Rhode_Island/RISHL24RES005/2023|EPI_ISL_19073436|2023-12-19	2023-12-19	2023.965753
NODE_0000096	2023-10-12	2023.779452
A/Iowa/59/2023|EPI_ISL_18586495|2023-11-06	2023-11-06	2023.847945
A/Utah/36/2023|EPI_ISL_18527533|2023-10-12	2023-10-12	2023.779452
NODE_0000127	2023-04-16	2023.289485
A/Texas/15/2023|EPI_ISL_18527349|2023-10-09	2023-10-09	2023.771233
NODE_0000130	2023-04-23	2023.308535
NODE_0000146	2023-10-16	2023.790411
A/California/102/2023|EPI_ISL_18586539|2023-11-02	2023-11-02	2023.836986
A/Utah/38/2023|EPI_ISL_18527506|2023-10-16	2023-10-16	2023.790411
NODE_0000137	2023-04-27	2023.320375
A/Ohio/18/2023|EPI_ISL_18586568|2023-10-18	2023-10-18	2023.795890
NODE_0000139	2023-04-29	2023.323942
A/Nevada/31/2023|EPI_ISL_18527532|2023-10-20	2023-10-20	2023.801370
NODE_0000140	2023-05-18	2023.377097
A/Florida/63/2023|EPI_ISL_18919974|2023-11-10	2023-11-10	2023.858904
NODE_0000145	2023-05-28	2023.405247
A/Georgia/69/2023|EPI_ISL_18862575|2023-11-20	2023-11-20	2023.886301
NODE_0000150	2023-06-04	2023.422964
A/New_Mexico/54/2023|EPI_ISL_18709271|2023-11-27	2023-11-27	2023.905479
NODE_0000099	2023-06-11	2023.442632
A/Oregon/BBI-S24785/2023|EPI_ISL_18921650|2023-12-04	2023-12-04	2023.924658
NODE_0000100	2023-06-25	2023.480778
A/West_Virginia/60/2023|EPI_ISL_18862853|2023-12-18	2023-12-18	2023.963014
NODE_0000105	2023-06-26	2023.484141
A/Connecticut/24/2023|EPI_ISL_18862865|2023-12-19	2023-12-19	2023.965753
NODE_0000106	2023-07-15	2023.535952
A/Nevada/06/2024|EPI_ISL_18862701|2024-01-07	2024-01-07	2024.017760
NODE_0000110	2023-07-17	2023.540989
NODE_0000190	2024-01-14	2024.036885
A/Minnesota/ISC-1037/2024|EPI_ISL_18988637|2024-01-18	2024-01-18	2024.047814
A/Minnesota/ISC-1010/2024|EPI_ISL_18988591|2024-01-14	2024-01-14	2024.036885
NODE_0000112	2023-07-23	2023.558005
NODE_0000192	2024-01-15	2024.039617
A/Utah/IVY-G43R67P2/2024|EPI_ISL_19029018|2024-01-16	2024-01-16	2024.042350
A/Utah/09/2024|EPI_ISL_18919876|2024-01-15	2024-01-15	2024.039617
NODE_0000117	2023-07-27	2023.568101
A/New_York/78/2024|EPI_ISL_19109234|2024-01-20	2024-01-20	2024.053279
NODE_0000119	2023-07-28	2023.570840
A/Oregon/05/2024|EPI_ISL_18919856|2024-01-21	2024-01-21	2024.056011
NODE_0000120	2023-07-30	2023.577237
A/Pennsylvania/11/2024|EPI_ISL_19014405|2024-01-23	2024-01-23	2024.061475
NODE_0000121	2023-08-02	2023.584983
A/Arkansas/14/2024|EPI_ISL_18934471|2024-01-24	2024-01-24	2024.064208
NODE_0000122	2023-12-13	2023.949315
A/Rhode_Island/RISHL24RES029/2023|EPI_ISL_19073500|2023-12-13	2023-12-13	2023.949315
NODE_0000123	2024-01-02	2024.004098
A/California/03/2024|EPI_ISL_18862721|2024-01-02	2024-01-02	2024.004098
NODE_0000124	2024-01-15	2024.039617
A/California/IVY-G43R71F6/2024|EPI_ISL_18981761|2024-01-15	2024-01-15	2024.039617
A/Pennsylvania/21/2024|EPI_ISL_19014434|2024-02-13	2024-02-13	2024.118852
NODE_0000126	2021-09-09	2021.688448
NODE_0000050	2023-03-15	2023.202473
A/Texas/IVY-G43S02B0/2024|EPI_ISL_19072947|2024-03-01	2024-03-01	2024.165301
A/Washington/48/2023|EPI_ISL_18669584|2023-10-29	2023-10-29	2023.826027
NODE_0000052	2023-07-19	2023.545998
A/Michigan/MIS-L373305212/2024|EPI_ISL_18965624|2024-01-13	2024-01-13	2024.034153
A/New_York_City/PV100663/2024|EPI_ISL_19091212|2024-01-03	2024-01-03	2024.006831
NODE_0000054	2023-11-23	2023.894219
A/Ohio/IVY-G43R86B8/2024|EPI_ISL_19067902|2024-02-07	2024-02-07	2024.102459
A/Tennessee/20/2024|EPI_ISL_19050812|2024-03-05	2024-03-05	2024.176230
NODE_0000056	2023-10-28	2023.823866
A/Michigan/UM-10055202789/2023|EPI_ISL_18851969|2023-12-30	2023-12-30	2023.995890
NODE_0000132	2023-12-22	2023.973973
A/Michigan/MIS-L372669561/2023|EPI_ISL_18965641|2023-12-29	2023-12-29	2023.993151
A/Michigan/UM-L372535929/2023|EPI_ISL_18868907|2023-12-22	2023-12-22	2023.973973
NODE_0000136	2021-09-11	2021.693282
NODE_0000032	2022-07-11	2022.524993
A/Massachusetts/44/2023|EPI_ISL_18586486|2023-10-29	2023-10-29	2023.826027
NODE_0000033	2022-11-30	2022.914239
A/California/42/2024|EPI_ISL_19083535|2024-03-13	2024-03-13	2024.198087
A/Michigan/UM-L372279681/2023|EPI_ISL_18869299|2023-12-12	2023-12-12	2023.946575
NODE_0000035	2023-07-09	2023.517858
A/Indiana/17/2023|EPI_ISL_18857390|2023-12-12	2023-12-12	2023.946575
A/Michigan/UM-10056202522/2024|EPI_ISL_19125970|2024-02-27	2024-02-27	2024.157104
A/Washington/UW-82777/2024|EPI_ISL_19178192|2024-01-30	2024-01-30	2024.080601
NODE_0000038	2024-02-08	2024.105191
A/Tennessee/10/2024|EPI_ISL_18990936|2024-02-08	2024-02-08	2024.105191
A/Tennessee/14/2024|EPI_ISL_19014627|2024-02-26	2024-02-26	2024.154372
NODE_0000041	2023-12-22	2023.973973
A/New_York/PV101151/2023|EPI_ISL_18835639|2023-12-22	2023-12-22	2023.973973
A/New_York/PV99939/2023|EPI_ISL_18835774|2023-12-22	2023-12-22	2023.973973
NODE_0000142	2023-11-07	2023.850685
A/Georgia/61/2023|EPI_ISL_18586519|2023-11-07	2023-11-07	2023.850685
NODE_0000144	2023-12-30	2023.995890
A/Washington/14847/2024|EPI_ISL_19034284|2024-02-05	2024-02-05	2024.096995
A/New_York/74/2023|EPI_ISL_18862625|2023-12-30	2023-12-30	2023.995890
NODE_0000045	2023-12-04	2023.924658
A/North_Carolina/14362/2023|EPI_ISL_18768291|2023-12-04	2023-12-04	2023.924658
A/North_Carolina/USAFSAM-14362/2023|EPI_ISL_18870579|2023-12-04	2023-12-04	2023.924658
NODE_0000147	2024-02-27	2024.157104
A/New_Hampshire/38/2024|EPI_ISL_19083637|2024-03-04	2024-03-04	2024.173497
A/Florida/ISC-1139/2024|EPI_ISL_19051217|2024-02-27	2024-02-27	2024.157104
NODE_0000148	2021-09-12	2021.696641
A/Minnesota/IVYD13J43V7/2022|EPI_ISL_16631841|2022-11-08	2022-11-08	2022.853425
NODE_0000149	2021-09-13	2021.700000
A/New_York/PV34639/2021|EPI_ISL_13148826|2021-09-13	2021-09-13	2021.700000
NODE_0000028	2022-10-16	2022.790205
A/Washington/14849/2024|EPI_ISL_19034286|2024-02-05	2024-02-05	2024.096995
A/Texas/IVY-G43R80G5/2024|EPI_ISL_19126029|2024-01-30	2024-01-30	2024.080601
A/Florida/ISC-1128/2024|EPI_ISL_19051198|2024-02-10	2024-02-10	2024.110656
A/Maine/09/2024|EPI_ISL_19014470|2024-02-18	2024-02-18	2024.132514
A/Texas/24/2023|EPI_ISL_18669626|2023-11-13	2023-11-13	2023.867123
A/Indiana/17/2024|EPI_ISL_18991400|2024-02-07	2024-02-07	2024.102459
A/New_York/31/2024|EPI_ISL_19014688|2024-01-31	2024-01-31	2024.083333
A/Georgia/05/2024|EPI_ISL_19014633|2024-02-04	2024-02-04	2024.094262
NODE_0000303	2023-06-28	2023.488470
A/Colorado/ISC-1103/2024|EPI_ISL_19109675|2024-01-02	2024-01-02	2024.004098
A/Washington/UW-15957/2024|EPI_ISL_19178176|2024-02-14	2024-02-14	2024.121585
NODE_0000334	2023-12-02	2023.919178
A/New_York_City/PV101135/2024|EPI_ISL_19091258|2024-01-08	2024-01-08	2024.020492
A/New_Hampshire/26/2023|EPI_ISL_18862534|2023-12-02	2023-12-02	2023.919178
NODE_0000354	2023-09-12	2023.696055
A/Rhode_Island/RISHL24RES086/2023|EPI_ISL_19073358|2023-12-04	2023-12-04	2023.924658
A/Rhode_Island/RISHL24RES015/2023|EPI_ISL_19073446|2023-12-19	2023-12-19	2023.965753
NODE_0000398	2023-03-01	2023.163624
A/Delaware/55/2024|EPI_ISL_19168568|2024-04-10	2024-04-10	2024.274590
A/Pennsylvania/30/2024|EPI_ISL_19083573|2024-03-02	2024-03-02	2024.168033
NODE_0000412	2024-02-16	2024.127049
A/Colorado/36/2024|EPI_ISL_19014513|2024-02-16	2024-02-16	2024.127049
A/Oregon/20/2024|EPI_ISL_19014498|2024-02-17	2024-02-17	2024.129781
NODE_0000422	2023-03-11	2023.190670
A/Minnesota/ISC-1061/2024|EPI_ISL_18988677|2024-02-06	2024-02-06	2024.099727
A/New_Jersey/45/2023|EPI_ISL_18586545|2023-11-05	2023-11-05	2023.845205
NODE_0000428	2023-02-02	2023.089863
A/Kansas/06/2024|EPI_ISL_18934477|2024-01-31	2024-01-31	2024.083333
A/Missouri/32/2023|EPI_ISL_18857363|2023-12-06	2023-12-06	2023.930137
NODE_0000376	2023-02-17	2023.131489
A/Michigan/MIS-L374057273/2024|EPI_ISL_19126271|2024-02-02	2024-02-02	2024.088798
A/Wisconsin/89/2023|EPI_ISL_18586505|2023-10-31	2023-10-31	2023.831507
A/Pennsylvania/34/2024|EPI_ISL_19083640|2024-03-07	2024-03-07	2024.181694
NODE_0000305	2023-03-22	2023.220190
NODE_0000173	2023-10-16	2023.790411
A/Florida/20/2023|EPI_ISL_18527389|2023-10-16	2023-10-16	2023.790411
A/Massachusetts/62/2023|EPI_ISL_18862522|2023-12-05	2023-12-05	2023.927397
NODE_0000307	2023-06-15	2023.453605
A/Nevada/45/2023|EPI_ISL_18669592|2023-11-10	2023-11-10	2023.858904
NODE_0000308	2023-08-12	2023.611426
A/Idaho/59/2023|EPI_ISL_18857309|2023-12-18	2023-12-18	2023.963014
A/Nebraska/21/2023|EPI_ISL_18742655|2023-12-21	2023-12-21	2023.971233
NODE_0000382	2023-07-05	2023.507897
A/Texas/IVY-G43R84H6/2024|EPI_ISL_19126030|2024-02-05	2024-02-05	2024.096995
A/Alabama/03/2023|EPI_ISL_18785848|2023-12-20	2023-12-20	2023.968493
NODE_0000177	2024-01-06	2024.015027
A/Arizona/06/2024|EPI_ISL_18862685|2024-01-06	2024-01-06	2024.015027
NODE_0000179	2024-02-06	2024.099727
A/Kentucky/14731/2024|EPI_ISL_18986854|2024-02-15	2024-02-15	2024.124317
A/Maryland/03/2024|EPI_ISL_19014383|2024-02-06	2024-02-06	2024.099727
NODE_0000441	2023-07-18	2023.544398
A/Michigan/MIS-009868768/2024|EPI_ISL_19131779|2024-02-02	2024-02-02	2024.088798
A/Washington/128/2024|EPI_ISL_19168632|2024-04-06	2024-04-06	2024.263661
NODE_0000443	2023-12-21	2023.971233
A/Massachusetts/18/2024|EPI_ISL_19083487|2024-02-27	2024-02-27	2024.157104
A/Michigan/UM-10055074994/2023|EPI_ISL_18851990|2023-12-21	2023-12-21	2023.971233
NODE_0000183	2024-01-01	2024.001366
A/Ohio/01/2024|EPI_ISL_18886066|2024-01-01	2024-01-01	2024.001366
A/North_Carolina/14/2024|EPI_ISL_19083495|2024-03-02	2024-03-02	2024.168033
NODE_0000389	2023-07-28	2023.570114
A/Delaware/34/2024|EPI_ISL_19052450|2024-02-28	2024-02-28	2024.159836
A/Colorado/ISC-1054/2023|EPI_ISL_19172583|2023-12-19	2023-12-19	2023.965753
A/New_York/83/2024|EPI_ISL_19109243|2024-03-08	2024-03-08	2024.184426
A/Florida/ISC-1107/2024|EPI_ISL_19051177|2024-01-20	2024-01-20	2024.053279
NODE_0000185	2023-12-20	2023.968493
A/Colorado/100/2023|EPI_ISL_18857322|2023-12-20	2023-12-20	2023.968493
NODE_0000186	2024-01-10	2024.025956
A/Illinois/24/2024|EPI_ISL_19014622|2024-02-26	2024-02-26	2024.154372
A/Oklahoma/14619/2024|EPI_ISL_18948007|2024-01-10	2024-01-10	2024.025956
NODE_0000336	2023-02-06	2023.098703
A/North_Dakota/41/2023|EPI_ISL_18709246|2023-11-27	2023-11-27	2023.905479
A/Ohio/29/2023|EPI_ISL_18742776|2023-11-28	2023-11-28	2023.908219
NODE_0000339	2023-11-02	2023.836986
A/Florida/ISC-1110/2024|EPI_ISL_19051169|2024-01-28	2024-01-28	2024.075137
A/North_Dakota/35/2023|EPI_ISL_18586483|2023-11-02	2023-11-02	2023.836986
NODE_0000344	2023-11-02	2023.836986
A/Missouri/28/2023|EPI_ISL_18607637|2023-11-05	2023-11-05	2023.845205
A/Iowa/57/2023|EPI_ISL_18586499|2023-11-02	2023-11-02	2023.836986
NODE_0000209	2023-07-16	2023.538032
A/Michigan/MIS-L373184930/2024|EPI_ISL_18965699|2024-01-08	2024-01-08	2024.020492
NODE_0000191	2023-09-18	2023.713684
A/Indiana/32/2024|EPI_ISL_19050808|2024-03-12	2024-03-12	2024.195355
NODE_0000193	2023-10-23	2023.809589
A/Delaware/61/2023|EPI_ISL_18527431|2023-10-23	2023-10-23	2023.809589
A/New_Hampshire/54/2024|EPI_ISL_19168566|2024-04-01	2024-04-01	2024.250000
NODE_0000276	2023-02-02	2023.088332
NODE_0000280	2023-10-12	2023.778967
A/West_Virginia/64/2023|EPI_ISL_18862654|2023-12-26	2023-12-26	2023.984932
NODE_0000196	2023-12-10	2023.941096
A/Minnesota/ISC-1028/2023|EPI_ISL_18934364|2023-12-10	2023-12-10	2023.941096
A/New_York/45/2024|EPI_ISL_19014485|2024-02-16	2024-02-16	2024.127049
NODE_0000197	2023-09-10	2023.692280
A/Massachusetts/ISC-1038/2024|EPI_ISL_19034867|2024-03-04	2024-03-04	2024.173497
NODE_0000198	2023-10-21	2023.803760
A/Virginia/10/2024|EPI_ISL_18991038|2024-01-25	2024-01-25	2024.066940
A/Washington/UW-09473/2024|EPI_ISL_19166726|2024-04-14	2024-04-14	2024.285519
NODE_0000282	2023-07-10	2023.522045
A/New_York/52/2024|EPI_ISL_19052510|2024-02-22	2024-02-22	2024.143443
A/Massachusetts/ISC-1024/2024|EPI_ISL_19034716|2024-02-12	2024-02-12	2024.116120
NODE_0000284	2023-10-13	2023.780914
A/South_Carolina/03/2024|EPI_ISL_18862808|2024-01-04	2024-01-04	2024.009563
A/Florida/ISC-1042/2024|EPI_ISL_19017033|2024-01-20	2024-01-20	2024.053279
NODE_0000201	2023-12-10	2023.941096
A/Georgia/26/2024|EPI_ISL_19083474|2024-03-03	2024-03-03	2024.170765
A/South_Carolina/19/2023|EPI_ISL_18785890|2023-12-10	2023-12-10	2023.941096
NODE_0000311	2023-06-22	2023.471325
A/Illinois/17/2024|EPI_ISL_18990924|2024-02-13	2024-02-13	2024.118852
A/Ohio/IVY-G43R76H2/2024|EPI_ISL_19131723|2024-01-06	2024-01-06	2024.015027
A/New_Hampshire/60/2024|EPI_ISL_19168585|2024-04-08	2024-04-08	2024.269126
A/North_Carolina/04/2024|EPI_ISL_18862698|2024-01-11	2024-01-11	2024.028689
A/Ohio/13/2024|EPI_ISL_18991356|2024-01-28	2024-01-28	2024.075137
A/Michigan/UM-10055856405/2024|EPI_ISL_19029019|2024-02-07	2024-02-07	2024.102459
A/New_Jersey/14603/2024|EPI_ISL_18947991|2024-02-08	2024-02-08	2024.105191
A/New_York/08/2024|EPI_ISL_18991411|2024-01-08	2024-01-08	2024.020492
A/New_Jersey/13/2024|EPI_ISL_19014665|2024-01-31	2024-01-31	2024.083333
NODE_0000211	2024-01-20	2024.053279
A/Florida/ISC-1034/2024|EPI_ISL_19017021|2024-01-20	2024-01-20	2024.053279
NODE_0000212	2024-02-06	2024.099727
A/Michigan/UM-10055819924/2024|EPI_ISL_19028994|2024-02-06	2024-02-06	2024.099727
NODE_0000213	2024-02-08	2024.105191
A/Michigan/MIS-009907699/2024|EPI_ISL_19131865|2024-02-09	2024-02-09	2024.107923
A/Massachusetts/ISC-1014/2024|EPI_ISL_19034846|2024-02-08	2024-02-08	2024.105191
NODE_0000027	2023-05-01	2023.329351
A/Delaware/61/2024|EPI_ISL_19168627|2024-04-26	2024-04-26	2024.318306
NODE_0000000	2023-09-03	2023.671947
A/Michigan/UM-10056322785/2024|EPI_ISL_19064465|2024-03-04	2024-03-04	2024.173497
A/Colorado/ISC-1142/2024|EPI_ISL_19172681|2024-04-22	2024-04-22	2024.307377
A/Florida/ISC-1176/2024|EPI_ISL_19141588|2024-03-26	2024-03-26	2024.233607
A/Florida/ISC-1137/2024|EPI_ISL_19051220|2024-02-20	2024-02-20	2024.137978
A/Iowa/23/2024|EPI_ISL_18990923|2024-02-04	2024-02-04	2024.094262
A/Arkansas/23/2024|EPI_ISL_18990930|2024-02-04	2024-02-04	2024.094262
A/Minnesota/ISC-1041/2024|EPI_ISL_18988627|2024-02-01	2024-02-01	2024.086066
A/Wisconsin/50/2024|EPI_ISL_19050798|2024-03-14	2024-03-14	2024.200820
A/Oregon/30/2024|EPI_ISL_19052375|2024-03-14	2024-03-14	2024.200820
A/Tennessee/25/2024|EPI_ISL_19083460|2024-03-26	2024-03-26	2024.233607
A/New_York/85/2024|EPI_ISL_19168567|2024-03-15	2024-03-15	2024.203552
A/Minnesota/ISC-1239/2024|EPI_ISL_19086118|2024-03-26	2024-03-26	2024.233607
A/New_York/38/2024|EPI_ISL_19014478|2024-02-07	2024-02-07	2024.102459
A/South_Dakota/09/2024|EPI_ISL_18919841|2024-01-10	2024-01-10	2024.025956
NODE_0000009	2024-02-27	2024.157104
A/Illinois/40/2024|EPI_ISL_19109186|2024-02-27	2024-02-27	2024.157104
A/Colorado/ISC-1039/2024|EPI_ISL_19086101|2024-03-04	2024-03-04	2024.173497
NODE_0000014	2024-02-15	2024.124317
A/New_Mexico/30/2024|EPI_ISL_19141391|2024-03-29	2024-03-29	2024.241803
A/New_Jersey/14745/2024|EPI_ISL_18986868|2024-02-15	2024-02-15	2024.124317
NODE_0000016	2024-02-02	2024.088798
A/Florida/ISC-1054/2024|EPI_ISL_19017037|2024-02-21	2024-02-21	2024.140710
A/Florida/ISC-1069/2024|EPI_ISL_19051772|2024-02-02	2024-02-02	2024.088798
NODE_0000018	2024-03-13	2024.198087
A/Wisconsin/59/2024|EPI_ISL_19083451|2024-03-26	2024-03-26	2024.233607
A/Wisconsin/49/2024|EPI_ISL_19050791|2024-03-13	2024-03-13	2024.198087
NODE_0000220	2023-12-16	2023.957534
A/Arizona/IVY-G43R70D6/2023|EPI_ISL_18981771|2023-12-16	2023-12-16	2023.957534
NODE_0000221	2023-12-27	2023.987671
A/New_York_City/PV100341/2023|EPI_ISL_19091234|2023-12-27	2023-12-27	2023.987671
NODE_0000222	2024-01-29	2024.077869
A/Texas/IVY-G43R80E4/2024|EPI_ISL_19126027|2024-01-29	2024-01-29	2024.077869
NODE_0000223	2024-02-07	2024.102459
A/Washington/UW-14437/2024|EPI_ISL_19166721|2024-02-07	2024-02-07	2024.102459
NODE_0000224	2024-03-03	2024.170765
A/Nevada/105/2024|EPI_ISL_19034538|2024-03-03	2024-03-03	2024.170765
A/Washington/UW-70568/2024|EPI_ISL_19178200|2024-03-05	2024-03-05	2024.176230
NODE_0000210	2023-01-25	2023.068150
A/Colorado/65/2023|EPI_ISL_18527439|2023-10-18	2023-10-18	2023.795890
A/Nebraska/07/2024|EPI_ISL_18919857|2024-01-23	2024-01-23	2024.061475
A/Texas/IVY-G43R67Y8/2024|EPI_ISL_18988897|2024-01-04	2024-01-04	2024.009563
A/Indiana/03/2024|EPI_ISL_18934433|2024-01-15	2024-01-15	2024.039617
A/California/29/2024|EPI_ISL_19014495|2024-02-05	2024-02-05	2024.096995
NODE_0000232	2023-09-29	2023.744346
A/Missouri/24/2024|EPI_ISL_19034533|2024-02-15	2024-02-15	2024.124317
A/West_Virginia/16/2024|EPI_ISL_19014673|2024-01-29	2024-01-29	2024.077869
NODE_0000289	2023-12-31	2023.998630
A/West_Virginia/34/2024|EPI_ISL_19083471|2024-03-02	2024-03-02	2024.168033
A/Ohio/36/2023|EPI_ISL_18886088|2023-12-31	2023-12-31	2023.998630
NODE_0000251	2023-09-07	2023.682583
A/Michigan/MIS-L374038802/2024|EPI_ISL_19126274|2024-02-02	2024-02-02	2024.088798
A/Montana/60/2023|EPI_ISL_18862852|2023-12-28	2023-12-28	2023.990411
NODE_0000291	2023-12-06	2023.930137
A/California/129/2023|EPI_ISL_18742819|2023-12-06	2023-12-06	2023.930137
A/California/145/2023|EPI_ISL_18862854|2023-12-19	2023-12-19	2023.965753
NODE_0000240	2023-05-22	2023.388522
A/California/107/2023|EPI_ISL_18669567|2023-11-14	2023-11-14	2023.869863
NODE_0000242	2023-06-09	2023.437461
NODE_0000249	2023-12-02	2023.919178
A/California/151/2023|EPI_ISL_18862651|2023-12-27	2023-12-27	2023.987671
A/California/124/2023|EPI_ISL_18742811|2023-12-02	2023-12-02	2023.919178
NODE_0000259	2023-06-14	2023.449484
A/Arizona/61/2023|EPI_ISL_18742778|2023-12-06	2023-12-06	2023.930137
NODE_0000293	2023-09-10	2023.690857
A/Massachusetts/ISC-1040/2024|EPI_ISL_19034736|2024-03-05	2024-03-05	2024.176230
NODE_0000294	2023-09-13	2023.700817
A/Michigan/MIS-L375137802/2024|EPI_ISL_19064764|2024-03-06	2024-03-06	2024.178962
NODE_0000295	2023-12-05	2023.927397
A/California/127/2023|EPI_ISL_18742865|2023-12-05	2023-12-05	2023.927397
NODE_0000296	2023-12-22	2023.973973
A/Connecticut/IVY-G43R81Z5/2024|EPI_ISL_19126352|2024-02-01	2024-02-01	2024.086066
A/Idaho/62/2023|EPI_ISL_18862794|2023-12-22	2023-12-22	2023.973973
NODE_0000219	2023-08-19	2023.632124
A/Michigan/MIS-L374643722/2024|EPI_ISL_19064837|2024-02-26	2024-02-26	2024.154372
A/Missouri/14810/2024|EPI_ISL_19034246|2024-03-05	2024-03-05	2024.176230
A/Montana/25/2024|EPI_ISL_19050830|2024-03-04	2024-03-04	2024.173497
A/Florida/ISC-1162/2024|EPI_ISL_19051812|2024-03-15	2024-03-15	2024.203552
A/Massachusetts/ISC-1035/2024|EPI_ISL_19034726|2024-02-27	2024-02-27	2024.157104
A/New_York/PV150442/2024|EPI_ISL_18952020|2024-01-30	2024-01-30	2024.080601
NODE_0000299	2024-01-29	2024.077869
A/New_York/IVY-G43R79K6/2024|EPI_ISL_19126177|2024-01-29	2024-01-29	2024.077869
NODE_0000301	2024-02-07	2024.102459
A/Michigan/MIS-L374177544/2024|EPI_ISL_19126302|2024-02-07	2024-02-07	2024.102459
NODE_0000302	2024-03-13	2024.198087
A/South_Dakota/56/2024|EPI_ISL_19083549|2024-03-26	2024-03-26	2024.233607
A/Arkansas/44/2024|EPI_ISL_19083442|2024-03-13	2024-03-13	2024.198087
NODE_0000236	2023-09-12	2023.697717
A/New_Mexico/14606/2024|EPI_ISL_18947994|2024-01-25	2024-01-25	2024.066940
A/Florida/ISC-1061/2024|EPI_ISL_19017039|2024-02-21	2024-02-21	2024.140710
A/Oregon/17/2024|EPI_ISL_19014515|2024-02-15	2024-02-15	2024.124317
A/Washington/UW-00931/2024|EPI_ISL_19178172|2024-02-20	2024-02-20	2024.137978
A/Florida/ISC-1010/2024|EPI_ISL_19017020|2024-01-15	2024-01-15	2024.039617
A/Arkansas/50/2024|EPI_ISL_19168539|2024-04-14	2024-04-14	2024.285519
NODE_0000246	2024-04-01	2024.250000
A/Oregon/39/2024|EPI_ISL_19109276|2024-04-01	2024-04-01	2024.250000
A/Oregon/43/2024|EPI_ISL_19141398|2024-04-13	2024-04-13	2024.282787
NODE_0000306	2024-01-23	2024.061475
A/Missouri/14599/2024|EPI_ISL_18947987|2024-01-23	2024-01-23	2024.061475
NODE_0000309	2024-02-12	2024.116120
A/Texas/20/2024|EPI_ISL_18990961|2024-02-12	2024-02-12	2024.116120
NODE_0000310	2024-03-19	2024.214481
A/Washington/41/2024|EPI_ISL_19109256|2024-03-19	2024-03-19	2024.214481
NODE_0000312	2024-04-01	2024.250000
A/Minnesota/ISC-1259/2024|EPI_ISL_19172568|2024-04-01	2024-04-01	2024.250000
A/California/54/2024|EPI_ISL_19168531|2024-04-08	2024-04-08	2024.269126
NODE_0000255	2023-04-21	2023.303294
A/Pennsylvania/103/2023|EPI_ISL_18991420|2023-12-26	2023-12-26	2023.984932
A/Arizona/IVY-G43R69X5/2023|EPI_ISL_18987948|2023-12-10	2023-12-10	2023.941096
A/New_York/69/2023|EPI_ISL_18862622|2023-12-25	2023-12-25	2023.982192
A/Pennsylvania/100/2023|EPI_ISL_18862793|2023-12-27	2023-12-27	2023.987671
A/Texas/34/2023|EPI_ISL_18862729|2023-12-23	2023-12-23	2023.976712
A/Florida/75/2023|EPI_ISL_18862710|2023-12-08	2023-12-08	2023.935616
NODE_0000263	2023-08-02	2023.586017
A/Minnesota/ISC-1040/2023|EPI_ISL_18934354|2023-12-11	2023-12-11	2023.943836
NODE_0000264	2023-12-04	2023.924658
A/New_York_City/PV99455/2023|EPI_ISL_19091185|2023-12-04	2023-12-04	2023.924658
A/New_York/PV99453/2023|EPI_ISL_18835654|2023-12-04	2023-12-04	2023.924658
NODE_0000269	2023-10-04	2023.756852
A/New_York_City/PV100601/2023|EPI_ISL_19091214|2023-12-29	2023-12-29	2023.993151
NODE_0000317	2023-12-18	2023.963014
A/Mississippi/03/2024|EPI_ISL_18886068|2024-01-08	2024-01-08	2024.020492
A/Michigan/UM-10055016521/2023|EPI_ISL_18851761|2023-12-18	2023-12-18	2023.963014
NODE_0000273	2023-12-03	2023.922098
A/Vermont/08/2024|EPI_ISL_19014635|2024-01-21	2024-01-21	2024.056011
NODE_0000286	2023-12-21	2023.971233
A/New_Jersey/62/2023|EPI_ISL_18862859|2023-12-21	2023-12-21	2023.971233
A/New_York/83/2023|EPI_ISL_18886039|2023-12-29	2023-12-29	2023.993151
NODE_0000287	2023-08-09	2023.604203
A/Ohio/14614/2024|EPI_ISL_18948002|2024-02-02	2024-02-02	2024.088798
NODE_0000290	2023-08-29	2023.657687
A/Oklahoma/14757/2024|EPI_ISL_18986880|2024-02-21	2024-02-21	2024.140710
NODE_0000319	2023-10-17	2023.793151
A/California/99/2023|EPI_ISL_18586549|2023-10-17	2023-10-17	2023.793151
NODE_0000320	2023-10-26	2023.817808
A/Arizona/49/2023|EPI_ISL_18586573|2023-10-26	2023-10-26	2023.817808
NODE_0000321	2023-12-09	2023.938356
A/Washington/14384/2023|EPI_ISL_18768323|2023-12-12	2023-12-12	2023.946575
A/Michigan/UM-G43R48R6/2023|EPI_ISL_18871718|2023-12-09	2023-12-09	2023.938356
NODE_0000297	2023-03-02	2023.165351
A/Missouri/IVY-G43S08Q8/2024|EPI_ISL_19165713|2024-03-05	2024-03-05	2024.176230
NODE_0000304	2023-03-10	2023.187340
NODE_0000288	2023-09-02	2023.668618
A/Florida/ISC-1078/2024|EPI_ISL_19051767|2024-02-20	2024-02-20	2024.137978
A/Massachusetts/IVY-G43R68R4/2024|EPI_ISL_18987963|2024-01-08	2024-01-08	2024.020492
A/New_York/90/2024|EPI_ISL_19168586|2024-04-03	2024-04-03	2024.255464
A/Connecticut/IVY-G43S03F6/2024|EPI_ISL_19073097|2024-03-02	2024-03-02	2024.168033
NODE_0000292	2024-03-04	2024.173497
A/North_Carolina/14827/2024|EPI_ISL_19034264|2024-03-04	2024-03-04	2024.173497
A/North_Carolina/14825/2024|EPI_ISL_19034261|2024-03-04	2024-03-04	2024.173497
NODE_0000298	2024-01-29	2024.077869
A/Pennsylvania/13/2024|EPI_ISL_19014427|2024-01-29	2024-01-29	2024.077869
A/Pennsylvania/14/2024|EPI_ISL_19014426|2024-01-30	2024-01-30	2024.080601
NODE_0000206	2023-11-30	2023.913699
A/Ohio/31/2023|EPI_ISL_18742773|2023-11-30	2023-11-30	2023.913699
NODE_0000207	2024-01-18	2024.047814
A/Washington/UW-83068/2024|EPI_ISL_19178190|2024-01-18	2024-01-18	2024.047814
NODE_0000208	2024-02-15	2024.124317
A/New_Jersey/14744/2024|EPI_ISL_18986867|2024-02-15	2024-02-15	2024.124317
A/Minnesota/34/2024|EPI_ISL_19050814|2024-03-10	2024-03-10	2024.189891
NODE_0000313	2023-04-10	2023.272931
NODE_0000371	2023-10-09	2023.769925
A/Idaho/39/2024|EPI_ISL_19109258|2024-03-21	2024-03-21	2024.219945
A/New_York/106/2024|EPI_ISL_19168619|2024-04-20	2024-04-20	2024.301913
NODE_0000315	2023-04-12	2023.277015
A/Georgia/53/2024|EPI_ISL_19168592|2024-04-18	2024-04-18	2024.296448
NODE_0000316	2023-04-12	2023.277390
NODE_0000379	2023-10-04	2023.758668
A/Florida/03/2024|EPI_ISL_18991026|2024-01-02	2024-01-02	2024.004098
NODE_0000170	2023-12-15	2023.954795
A/New_York/63/2023|EPI_ISL_18862683|2023-12-15	2023-12-15	2023.954795
A/Virginia/14640/2024|EPI_ISL_18948028|2024-02-05	2024-02-05	2024.096995
NODE_0000322	2023-04-21	2023.301869
NODE_0000363	2023-10-13	2023.783192
A/Illinois/02/2024|EPI_ISL_18886085|2024-01-11	2024-01-11	2024.028689
NODE_0000166	2023-11-27	2023.905479
A/Oregon/40/2023|EPI_ISL_18709291|2023-11-27	2023-11-27	2023.905479
A/Missouri/14534/2024|EPI_ISL_18931093|2024-01-10	2024-01-10	2024.025956
NODE_0000326	2023-04-27	2023.318475
NODE_0000432	2023-10-19	2023.799753
A/Minnesota/ISC-1029/2024|EPI_ISL_18988584|2024-01-17	2024-01-17	2024.045082
A/South_Dakota/03/2024|EPI_ISL_18886031|2024-01-02	2024-01-02	2024.004098
NODE_0000328	2023-04-28	2023.322696
NODE_0000351	2023-11-02	2023.838317
A/Texas/IVY-G43R68J9/2024|EPI_ISL_18988906|2024-01-17	2024-01-17	2024.045082
NODE_0000352	2024-01-27	2024.071576
A/Illinois/37/2024|EPI_ISL_19083453|2024-03-26	2024-03-26	2024.233607
A/California/46/2024|EPI_ISL_19109266|2024-03-23	2024-03-23	2024.225410
NODE_0000332	2023-04-30	2023.327324
NODE_0000331	2023-10-21	2023.804110
A/Ohio/IVY-G43R79C2/2024|EPI_ISL_19131725|2024-01-26	2024-01-26	2024.069672
A/Ohio/15/2024|EPI_ISL_18991351|2024-01-29	2024-01-29	2024.077869
A/Pennsylvania/67/2023|EPI_ISL_18586484|2023-10-21	2023-10-21	2023.804110
NODE_0000335	2023-05-23	2023.390013
NODE_0000300	2023-11-17	2023.877210
A/Florida/ISC-1097/2024|EPI_ISL_19051161|2024-01-07	2024-01-07	2024.017760
A/Kentucky/17/2024|EPI_ISL_18991398|2024-02-15	2024-02-15	2024.124317
NODE_0000337	2023-05-23	2023.390013
A/West_Virginia/36/2023|EPI_ISL_18862620|2023-11-11	2023-11-11	2023.861644
NODE_0000338	2023-05-24	2023.392506
NODE_0000366	2023-11-19	2023.883562
A/Maine/08/2023|EPI_ISL_18862612|2023-11-19	2023-11-19	2023.883562
A/New_Jersey/09/2024|EPI_ISL_19014662|2024-01-27	2024-01-27	2024.072404
A/South_Carolina/09/2024|EPI_ISL_18991419|2024-01-17	2024-01-17	2024.045082
NODE_0000340	2023-05-25	2023.397100
NODE_0000410	2023-11-19	2023.883562
A/West_Virginia/39/2023|EPI_ISL_18862560|2023-11-19	2023-11-19	2023.883562
A/Colorado/IVY-G43R92B1/2024|EPI_ISL_19064698|2024-02-12	2024-02-12	2024.116120
NODE_0000225	2023-05-25	2023.397100
A/New_York/PV98601/2023|EPI_ISL_18835628|2023-11-27	2023-11-27	2023.905479
NODE_0000226	2023-05-25	2023.397100
NODE_0000325	2023-10-20	2023.802302
A/Tennessee/IVY-G43R66N6/2024|EPI_ISL_19029041|2024-01-11	2024-01-11	2024.028689
NODE_0000228	2024-02-01	2024.086066
A/Connecticut/IVY-G43R81W8/2024|EPI_ISL_19126353|2024-02-01	2024-02-01	2024.086066
NODE_0000229	2024-02-07	2024.102459
A/Washington/UW-11051/2024|EPI_ISL_19178175|2024-02-07	2024-02-07	2024.102459
A/Massachusetts/IVY-G43R85O9/2024|EPI_ISL_19067976|2024-02-09	2024-02-09	2024.107923
NODE_0000230	2023-06-08	2023.433535
A/Ohio/32/2023|EPI_ISL_18742767|2023-12-02	2023-12-02	2023.919178
NODE_0000231	2023-06-10	2023.440363
NODE_0000329	2023-12-02	2023.919178
A/Wisconsin/42/2024|EPI_ISL_19014624|2024-02-25	2024-02-25	2024.151639
A/Georgia/71/2023|EPI_ISL_18862546|2023-12-02	2023-12-02	2023.919178
NODE_0000233	2023-06-12	2023.444494
NODE_0000357	2023-12-02	2023.918606
A/Florida/07/2024|EPI_ISL_19014418|2024-01-12	2024-01-12	2024.031421
A/Michigan/UM-L372223292/2023|EPI_ISL_18869067|2023-12-10	2023-12-10	2023.941096
A/Delaware/78/2023|EPI_ISL_18785913|2023-12-04	2023-12-04	2023.924658
NODE_0000235	2024-02-29	2024.162568
A/Idaho/38/2024|EPI_ISL_19109254|2024-03-16	2024-03-16	2024.206284
A/North_Carolina/14818/2024|EPI_ISL_19034254|2024-02-29	2024-02-29	2024.162568
NODE_0000237	2023-06-20	2023.467797
NODE_0000403	2023-12-13	2023.949315
A/New_York/PV99519/2023|EPI_ISL_18835629|2023-12-13	2023-12-13	2023.949315
A/New_York_City/PV99519/2023|EPI_ISL_19091204|2023-12-13	2023-12-13	2023.949315
NODE_0000239	2023-06-27	2023.487017
NODE_0000414	2023-12-20	2023.968493
A/Michigan/UM-G43R62A5/2023|EPI_ISL_18922529|2023-12-20	2023-12-20	2023.968493
A/Michigan/UM-L372663488/2023|EPI_ISL_18911197|2023-12-29	2023-12-29	2023.993151
NODE_0000241	2023-07-15	2023.536204
NODE_0000373	2024-01-12	2024.032592
A/Utah/15/2024|EPI_ISL_18990976|2024-02-01	2024-02-01	2024.086066
NODE_0000374	2024-04-11	2024.277322
A/Nevada/125/2024|EPI_ISL_19141399|2024-04-11	2024-04-11	2024.277322
A/Nevada/127/2024|EPI_ISL_19141400|2024-04-13	2024-04-13	2024.282787
NODE_0000244	2023-07-15	2023.536204
A/Florida/05/2024|EPI_ISL_18990995|2024-01-02	2024-01-02	2024.004098
NODE_0000245	2023-07-16	2023.538785
A/Arizona/IVY-G43R77N3/2024|EPI_ISL_19131789|2024-01-06	2024-01-06	2024.015027
NODE_0000247	2023-07-19	2023.547089
A/Massachusetts/10/2024|EPI_ISL_18991030|2024-01-15	2024-01-15	2024.039617
NODE_0000248	2023-07-23	2023.558141
NODE_0000406	2024-01-15	2024.039617
A/Florida/ISC-1117/2024|EPI_ISL_19051196|2024-01-15	2024-01-15	2024.039617
A/New_York/14608/2024|EPI_ISL_18947996|2024-02-08	2024-02-08	2024.105191
NODE_0000250	2023-07-24	2023.560763
A/Washington/UW-57560/2024|EPI_ISL_19178184|2024-01-17	2024-01-17	2024.045082
NODE_0000252	2023-07-28	2023.570286
A/New_Jersey/06/2024|EPI_ISL_18991695|2024-01-18	2024-01-18	2024.047814
NODE_0000253	2023-08-03	2023.586641
A/New_York/IVY-G43R83I4/2024|EPI_ISL_19126144|2024-01-25	2024-01-25	2024.066940
NODE_0000254	2023-08-06	2023.596493
A/Utah/IVY-G43R81R1/2024|EPI_ISL_19126051|2024-01-30	2024-01-30	2024.080601
NODE_0000256	2023-08-06	2023.596493
A/Florida/ISC-1065/2024|EPI_ISL_19051766|2024-02-01	2024-02-01	2024.086066
NODE_0000257	2023-08-07	2023.598852
A/New_York/14609/2024|EPI_ISL_18947997|2024-02-08	2024-02-08	2024.105191
NODE_0000258	2023-08-07	2023.598852
NODE_0000347	2024-01-11	2024.027640
A/New_Hampshire/56/2024|EPI_ISL_19168584|2024-04-04	2024-04-04	2024.258197
NODE_0000260	2024-03-07	2024.181694
A/Washington/UW-12292/2024|EPI_ISL_19166723|2024-03-07	2024-03-07	2024.181694
NODE_0000261	2024-03-11	2024.192623
A/Washington/UW-70596/2024|EPI_ISL_19166695|2024-03-11	2024-03-11	2024.192623
A/Colorado/ISC-1153/2024|EPI_ISL_19172610|2024-04-12	2024-04-12	2024.280055
NODE_0000262	2023-08-23	2023.642514
A/South_Carolina/15/2024|EPI_ISL_19014446|2024-02-15	2024-02-15	2024.124317
NODE_0000265	2023-09-01	2023.667629
A/Minnesota/ISC-1141/2024|EPI_ISL_19017063|2024-02-24	2024-02-24	2024.148907
NODE_0000266	2023-09-03	2023.671832
A/Oklahoma/14755/2024|EPI_ISL_18986878|2024-02-26	2024-02-26	2024.154372
NODE_0000267	2023-09-05	2023.677296
A/Missouri/IVY-G43R99B5/2024|EPI_ISL_19064432|2024-02-28	2024-02-28	2024.159836
NODE_0000268	2023-09-12	2023.697018
A/Utah/38/2024|EPI_ISL_19052339|2024-03-06	2024-03-06	2024.178962
NODE_0000270	2023-09-20	2023.718464
A/Virginia/29/2024|EPI_ISL_19141408|2024-03-15	2024-03-15	2024.203552
NODE_0000271	2023-09-23	2023.727989
A/Ohio/54/2024|EPI_ISL_19083556|2024-03-16	2024-03-16	2024.206284
NODE_0000272	2023-09-30	2023.745962
A/Maine/31/2024|EPI_ISL_19141403|2024-03-24	2024-03-24	2024.228142
NODE_0000274	2023-10-05	2023.760828
A/Missouri/102/2024|EPI_ISL_19109194|2024-03-29	2024-03-29	2024.241803
NODE_0000275	2023-10-21	2023.803324
A/Florida/ISC-1217/2024|EPI_ISL_19172635|2024-04-14	2024-04-14	2024.285519
NODE_0000277	2023-12-10	2023.941096
A/Washington/BBI-S24788/2023|EPI_ISL_18921767|2023-12-10	2023-12-10	2023.941096
NODE_0000278	2023-12-28	2023.990411
A/Louisiana/26/2023|EPI_ISL_18886082|2023-12-28	2023-12-28	2023.990411
NODE_0000279	2024-01-15	2024.039617
A/Colorado/13/2024|EPI_ISL_18991658|2024-01-15	2024-01-15	2024.039617
NODE_0000281	2024-01-22	2024.058743
A/Nevada/79/2024|EPI_ISL_18919917|2024-01-22	2024-01-22	2024.058743
NODE_0000283	2024-01-30	2024.080601
A/Michigan/UM-10055714083/2024|EPI_ISL_18989029|2024-01-30	2024-01-30	2024.080601
NODE_0000285	2024-02-22	2024.143443
A/Washington/UW-18152/2024|EPI_ISL_19166727|2024-03-14	2024-03-14	2024.200820
A/Connecticut/IVY-G43R94B5/2024|EPI_ISL_19064695|2024-02-22	2024-02-22	2024.143443
